{"name":"29ee13bc-a63f-48c1-8a70-fe837fef5fb7","id":"/providers/Microsoft.Flow/flows/29ee13bc-a63f-48c1-8a70-fe837fef5fb7","type":"Microsoft.Flow/flows","properties":{"apiId":"/providers/Microsoft.PowerApps/apis/shared_logicflows","displayName":"Notify Action Owners to update Risk Action Register","definition":{"metadata":{"workflowEntityId":null,"processAdvisorMetadata":null,"flowclientsuspensionreason":"None","flowclientsuspensiontime":null,"creator":{"id":"3f53023f-5852-413a-80e7-738040c4f43a","type":"User","tenantId":"c97a34a9-9c94-435a-90cf-b752e98e56ad"},"provisioningMethod":"FromDefinition","failureAlertSubscription":true,"clientLastModifiedTime":"2022-06-01T04:59:03.573635Z","flowclientsuspensionreasondetails":null},"$schema":"https://schema.management.azure.com/providers/Microsoft.Logic/schemas/2016-06-01/workflowdefinition.json#","contentVersion":"1.0.0.0","parameters":{"$connections":{"defaultValue":{},"type":"Object"},"$authentication":{"defaultValue":{},"type":"SecureObject"}},"triggers":{"manual":{"metadata":{"operationMetadataId":"02749fdb-f888-4d91-8056-f8c2927e3a38"},"type":"Request","kind":"Button","inputs":{"schema":{"type":"object","properties":{"email":{"title":"Email","type":"string","format":"email","x-ms-dynamically-added":true,"description":"Please enter an e-mail address","x-ms-content-hint":"EMAIL"},"text":{"title":"Overall Status","type":"string","x-ms-dynamically-added":true,"description":"Please enter your input","x-ms-content-hint":"TEXT","enum":["Closed","Outstanding"]},"text_1":{"title":"Action Owner","type":"string","x-ms-dynamically-added":true,"description":"Please enter your input","x-ms-content-hint":"TEXT","enum":["Plant Management","Human Resources & Admin","Finance & Accounting","Risk & Assurance","Warehouse & Maintenance","Technical Services","Production","Operating","Procurement"]}},"required":["email","text","text_1"]},"headersSchema":{"x-ms-user-name-encoded":{"title":"User name","type":"string","format":"byte","x-ms-dynamically-added":false}}}}},"actions":{"Get_Items_from_Risk_Action_Register":{"runAfter":{},"metadata":{"operationMetadataId":"cc2e00ff-ad8c-4eda-a447-f5ef87716d84"},"type":"OpenApiConnection","inputs":{"host":{"apiId":"/providers/Microsoft.PowerApps/apis/shared_sharepointonline","connectionName":"shared_sharepointonline","operationId":"GetItems"},"parameters":{"dataset":"https://gnpowerph.sharepoint.com/sites/b1377af8-0d85-49da-881d-a2a291d73e2e","table":"91bd62f0-d890-44a2-8d97-e6d6492f4b66","viewScopeOption":"Default","$filter":"(field_16 eq '@{triggerBody()['text']}') and (field_8 eq '@{triggerBody()['text_1']}')"},"authentication":{"value":"@json(decodeBase64(triggerOutputs().headers['X-MS-APIM-Tokens']))['$ConnectionKey']","type":"Raw"}}},"Create_HTML_table":{"runAfter":{"Select":["Succeeded"]},"metadata":{"operationMetadataId":"72df92b4-1083-4bf6-b37b-ef1c1e98bd70"},"type":"Table","inputs":{"from":"@body('Select')","format":"HTML"}},"Email_Style":{"runAfter":{"Clean_HTML":["Succeeded"]},"metadata":{"operationMetadataId":"182cf5a5-b494-4c02-8b78-df3b23e3e415"},"type":"Compose","inputs":"<style>\ntable {\n  border: 1px solid #1C6EA4;\n  background-color: #EEEEEE;\n  width: 100%;\n  text-align: left;\n  border-collapse: collapse;\n}\ntable td, table th {\n  border: 1px solid #AAAAAA;\n  padding: 3px 2px;\n}\ntable tbody td {\n  font-size: 13px;\n}\ntable thead {\n  background: teal;\n  border-bottom: 2px solid #444444;\n}\ntable thead th {\n  font-size: 15px;\n  font-weight: bold;\n  color: #FFFFFF;\n  border-left: 2px solid #D0E4F5;\n}\ntable thead th:first-child {\n  border-left: none;\n}\n</style>"},"Select":{"runAfter":{"Get_Items_from_Risk_Action_Register":["Succeeded"]},"metadata":{"operationMetadataId":"edceefad-9845-48d3-8537-fc86b2005168"},"type":"Select","inputs":{"from":"@outputs('Get_Items_from_Risk_Action_Register')?['body/value']","select":{"Action ID":"<a href=\"@{item()?['{Link}']}\">\n@{item()?['Title']}</a>","Action Description":"@item()?['field_6']","Due Date":"@item()?['field_9']","Action Validation":"<font color=\"@{if(equals(item()?['field_12/Value'],'Implemented'),'green',if(equals(item()?['field_12/Value'],'Partially Implemented'),'blue',if(equals(item()?['field_12/Value'],'Condition Satisfied'),'golden rod',if(equals(item()?['field_12/Value'],'Not Implemented'),'crimson','red'))))}\">\n@{item()?['field_12/Value']}</font>","Action Close-Out/Decision":"<font color=\"@{if(equals(item()?['field_13/Value'],'Approved'),'green',if(equals(item()?['field_13/Value'],'Conditionally Approved'),'blue',if(equals(item()?['field_13/Value'],'Rejected'),'red','orange')))}\">\n@{item()?['field_13/Value']}</font>","Overall Status":"<font color=\"@{if(equals(item()?['field_16/Value'],'Closed'),'green','red')}\">\n@{item()?['field_16/Value']}</font>","Action Owner":"@item()?['ActionOwner_x002f_s/DisplayName']","Department":"@item()?['field_8/Value']"}}},"Clean_HTML":{"runAfter":{"Create_HTML_table":["Succeeded"]},"metadata":{"operationMetadataId":"7757d60a-b734-449d-a425-4d9d1770e70a"},"type":"Compose","inputs":"@replace(replace(replace(replace(replace(body('Create_HTML_table'),'&lt;', '<'),'&gt;', '>'), '&amp;', '&'), '&#39;', '\"'),'&quot;','\"')"},"Send_an_email_(V2)":{"runAfter":{"Email_Style":["Succeeded"]},"metadata":{"operationMetadataId":"c07e337d-a005-4431-b88a-672a9cf774e3"},"type":"OpenApiConnection","inputs":{"host":{"apiId":"/providers/Microsoft.PowerApps/apis/shared_office365","connectionName":"shared_office365","operationId":"SendEmailV2"},"parameters":{"emailMessage/To":"@triggerBody()['email']","emailMessage/Subject":"FYA/FYI: Risk Actions Outstanding for Close-out","emailMessage/Body":"<p><span style=\"color: rgb(226,80,65)\"><strong>Please respond by clicking on the hyperlinked </strong></span><span style=\"color: rgb(226,80,65)\"><u><strong>ACTION ID</strong></u></span><span style=\"color: rgb(226,80,65)\"><strong> column of the action items assigned to your name.</strong></span> <span style=\"color: rgb(41,105,176)\">This will redirect you to the Microsoft SharePoint list site where you are required to update the Risk Action item under your ownership that is subject to close out:<br>\nRequired fields to be updated:<br>\n1.</span><span style=\"color: rgb(41,105,176)\"><strong> Action Due Date</strong></span><span style=\"color: rgb(41,105,176)\"><br>\n2. </span><span style=\"color: rgb(41,105,176)\"><strong>Extension Target Date</strong></span><span style=\"color: rgb(41,105,176)\"> (if action implementation requires to be extended)<br>\n3. </span><span style=\"color: rgb(41,105,176)\"><strong>Action Validation</strong></span><span style=\"color: rgb(41,105,176)\"><br>\n4. </span><span style=\"color: rgb(41,105,176)\"><strong>Action Remarks</strong></span><span style=\"color: rgb(41,105,176)\"> (if any)<br>\n</span><span style=\"color: rgb(226,80,65)\">You need to be logged in to your GNPD Microsoft Office365 account @ </span><span style=\"color: rgb(226,80,65)\"><em>office.com</em></span><span style=\"color: rgb(226,80,65)\"> before you can access the links!<br>\n</span><span style=\"color: rgb(41,105,176)\">This is an automated workflow powered by Microsoft Office Power Automate, for any concerns, please contact the sender.</span><br>\n<br>\n@{outputs('Email_Style')}@{outputs('Clean_HTML')}<br>\n<br>\nBest,<br>\n<br>\nJeffrey Custodio<br>\nRisk &amp; Assurance Officer</p>"},"authentication":{"value":"@json(decodeBase64(triggerOutputs().headers['X-MS-APIM-Tokens']))['$ConnectionKey']","type":"Raw"}}}}},"connectionReferences":{"shared_sharepointonline":{"connectionName":"08c3d82a53074088bdb82aa17d9f69b4","source":"Invoker","id":"/providers/Microsoft.PowerApps/apis/shared_sharepointonline","tier":"NotSpecified"},"shared_office365":{"connectionName":"shared-office365-43c17fae-2eca-4593-b81c-4366b75da27a","source":"Invoker","id":"/providers/Microsoft.PowerApps/apis/shared_office365","tier":"NotSpecified"}},"flowFailureAlertSubscribed":false,"isManaged":false}}