{"name":"7d5ab3ff-0a06-42e7-9e9d-97b8722255df","id":"/providers/Microsoft.Flow/flows/7d5ab3ff-0a06-42e7-9e9d-97b8722255df","type":"Microsoft.Flow/flows","properties":{"apiId":"/providers/Microsoft.PowerApps/apis/shared_logicflows","displayName":"Risk Register update flow","definition":{"metadata":{"workflowEntityId":null,"processAdvisorMetadata":null,"flowclientsuspensionreason":"None","flowclientsuspensiontime":null,"flowclientsuspensionreasondetails":null,"creator":{"id":"3f53023f-5852-413a-80e7-738040c4f43a","type":"User","tenantId":"c97a34a9-9c94-435a-90cf-b752e98e56ad"},"provisioningMethod":"FromDefinition","failureAlertSubscription":true,"clientLastModifiedTime":"2022-09-12T03:05:59.4071656Z"},"$schema":"https://schema.management.azure.com/providers/Microsoft.Logic/schemas/2016-06-01/workflowdefinition.json#","contentVersion":"1.0.0.0","parameters":{"$connections":{"defaultValue":{},"type":"Object"},"$authentication":{"defaultValue":{},"type":"SecureObject"}},"triggers":{"manual":{"metadata":{"operationMetadataId":"99e3468b-029d-4be2-9170-82ddcb9b0aee"},"type":"Request","kind":"Button","inputs":{"schema":{"type":"object","properties":{},"required":[]}}}},"actions":{"Get_files_(properties_only)":{"runAfter":{},"metadata":{"operationMetadataId":"05fb4327-2304-4d0e-b517-0d0d57d28fd8"},"type":"OpenApiConnection","inputs":{"host":{"apiId":"/providers/Microsoft.PowerApps/apis/shared_sharepointonline","connectionName":"shared_sharepointonline","operationId":"GetFileItems"},"parameters":{"dataset":"https://gnpowerph.sharepoint.com/sites/b1377af8-0d85-49da-881d-a2a291d73e2e","table":"47f6043f-beab-40c9-9242-0080def4ab86","$filter":"Status eq 'New'"},"authentication":{"value":"@json(decodeBase64(triggerOutputs().headers['X-MS-APIM-Tokens']))['$ConnectionKey']","type":"Raw"}}},"Apply_to_each":{"foreach":"@outputs('Get_files_(properties_only)')?['body/value']","actions":{"Update_file_properties":{"runAfter":{},"metadata":{"operationMetadataId":"00fbc536-52d8-416c-9786-2eab47b2d7d8"},"type":"OpenApiConnection","inputs":{"host":{"apiId":"/providers/Microsoft.PowerApps/apis/shared_sharepointonline","connectionName":"shared_sharepointonline","operationId":"PatchFileItem"},"parameters":{"dataset":"https://gnpowerph.sharepoint.com/sites/b1377af8-0d85-49da-881d-a2a291d73e2e","table":"47f6043f-beab-40c9-9242-0080def4ab86","id":"@items('Apply_to_each')?['ID']","item/Status/Value":"In Progress"},"authentication":{"value":"@json(decodeBase64(triggerOutputs().headers['X-MS-APIM-Tokens']))['$ConnectionKey']","type":"Raw"}}},"List_rows_present_in_a_table":{"runAfter":{"Update_file_properties":["Succeeded"]},"metadata":{"operationMetadataId":"23283275-fb69-47a3-8a1c-c180fcee09f9"},"type":"OpenApiConnection","inputs":{"host":{"apiId":"/providers/Microsoft.PowerApps/apis/shared_excelonlinebusiness","connectionName":"shared_excelonlinebusiness","operationId":"GetItems"},"parameters":{"source":"https://gnpowerph.sharepoint.com/sites/b1377af8-0d85-49da-881d-a2a291d73e2e","drive":"b!E4zEboEkIEyk20ZFriTFwpHbP3GDXZtOl2Gb_6JbFQ0_BPZHq77JQJJCAIDe9KuG","file":"@items('Apply_to_each')?['{FullPath}']","table":"tbl_RiskRegister","dateTimeFormat":"ISO 8601"},"authentication":{"value":"@json(decodeBase64(triggerOutputs().headers['X-MS-APIM-Tokens']))['$ConnectionKey']","type":"Raw"}},"runtimeConfiguration":{"paginationPolicy":{"minimumItemCount":5000}}},"Apply_to_each_row":{"foreach":"@outputs('List_rows_present_in_a_table')?['body/value']","actions":{"Select_PlantArea":{"runAfter":{},"metadata":{"operationMetadataId":"202df3e2-823f-4564-9fa5-7287668db056"},"type":"Select","inputs":{"from":"@split(item()?['Plant/Area'],';')","select":{"Value":"@item()"}}},"Select_Risk_Owners":{"runAfter":{"Select_PlantArea":["Succeeded"]},"metadata":{"operationMetadataId":"83ef8d93-c910-4b8a-8794-b3599fd78ebe"},"type":"Select","inputs":{"from":"@split(item()?['Risk Owner'],';')","select":{"Claims":"@item()"}}},"Get_items":{"runAfter":{"Select_Risk_Owners":["Succeeded"]},"metadata":{"operationMetadataId":"b21200a6-8c87-4946-be7a-696094f4a266"},"type":"OpenApiConnection","inputs":{"host":{"apiId":"/providers/Microsoft.PowerApps/apis/shared_sharepointonline","connectionName":"shared_sharepointonline","operationId":"GetItems"},"parameters":{"dataset":"https://gnpowerph.sharepoint.com/sites/b1377af8-0d85-49da-881d-a2a291d73e2e","table":"1c3ed4b9-1648-491f-8eaa-e1ba6393e4f7","$filter":"Title eq '@{item()?['Risk ID']}'"},"authentication":{"value":"@json(decodeBase64(triggerOutputs().headers['X-MS-APIM-Tokens']))['$ConnectionKey']","type":"Raw"}}},"Condition":{"actions":{"Create_item":{"runAfter":{},"metadata":{"operationMetadataId":"45eb7018-26e7-444f-860f-e84e6e3c0c8b"},"type":"OpenApiConnection","inputs":{"host":{"apiId":"/providers/Microsoft.PowerApps/apis/shared_sharepointonline","connectionName":"shared_sharepointonline","operationId":"PostItem"},"parameters":{"dataset":"https://gnpowerph.sharepoint.com/sites/b1377af8-0d85-49da-881d-a2a291d73e2e","table":"1c3ed4b9-1648-491f-8eaa-e1ba6393e4f7","item/field_3":"@body('Select_PlantArea')","item/field_4":"@body('Select_Risk_Owners')","item/field_6":"@if(empty(item()?['Date Identified']),null,item()?['Date Identified'])","item/Title":"@items('Apply_to_each_row')?['Risk ID']","item/Risk_Description":"@items('Apply_to_each_row')?['Risk_Description']","item/field_2/Value":"@item()?['Risk Type']","item/field_5/Value":"@if(empty(item()?['Risk Owner Department']),null,item()?['Risk Owner Department'])","item/field_8/Value":"@item()?['Risk Status']","item/field_9/Value":"@item()?['Risk Assessment Validation']","item/field_10":"@if(empty(item()?['Date Reviewed/Updated']),null,item()?['Date Reviewed/Updated'])","item/field_11":"@if(empty(item()?['Next Review Date']),null,item()?['Next Review Dated'])","item/field_12/Value":"@item()?['Risk Review Status']","item/field_13":"@if(empty(item()?['Notes/Remarks']),null,item()?['Notes/Remarks'])","item/field_14/Value":"@if(empty(item()?['Consequence Rating']),null,item()?['Consequence Rating'])","item/field_15/Value":"@if(empty(item()?['Likelihood Rating']),null,item()?['Likelihood Rating'])","item/field_16/Value":"@if(empty(item()?['Risk Priority Rating']),null,item()?['Risk Priority Rating'])"},"authentication":{"value":"@json(decodeBase64(triggerOutputs().headers['X-MS-APIM-Tokens']))['$ConnectionKey']","type":"Raw"}}}},"runAfter":{"Get_items":["Succeeded"]},"else":{"actions":{"Update_item":{"runAfter":{},"metadata":{"operationMetadataId":"65bce2c0-9b18-42ec-b1c9-ecd233da597b"},"type":"OpenApiConnection","inputs":{"host":{"apiId":"/providers/Microsoft.PowerApps/apis/shared_sharepointonline","connectionName":"shared_sharepointonline","operationId":"PatchItem"},"parameters":{"dataset":"https://gnpowerph.sharepoint.com/sites/b1377af8-0d85-49da-881d-a2a291d73e2e","table":"1c3ed4b9-1648-491f-8eaa-e1ba6393e4f7","id":"@outputs('Get_items')?['body']?['value']?[0]?['ID']","item/field_3":"@body('Select_PlantArea')","item/field_4":"@body('Select_Risk_Owners')","item/field_6":"@if(empty(item()?['Date Identified']),null,item()?['Date Identified'])","item/Title":"@items('Apply_to_each_row')?['Risk ID']","item/Risk_Description":"@items('Apply_to_each_row')?['Risk_Description']","item/field_2/Value":"@item()?['Risk Type']","item/field_5/Value":"@if(empty(item()?['Risk Owner Department']),null,item()?['Risk Owner Department'])","item/field_8/Value":"@item()?['Risk Status']","item/field_9/Value":"@item()?['Risk Assessment Validation']","item/field_10":"@if(empty(item()?['Date Reviewed/Updated']),null,item()?['Date Reviewed/Updated'])","item/field_11":"@if(empty(item()?['Next Review Date']),null,item()?['Next Review Dated'])","item/field_12/Value":"@item()?['Risk Review Status']","item/field_13":"@if(empty(item()?['Notes/Remarks']),null,item()?['Notes/Remarks'])","item/field_14/Value":"@if(empty(item()?['Consequence Rating']),null,item()?['Consequence Rating'])","item/field_15/Value":"@if(empty(item()?['Likelihood Rating']),null,item()?['Likelihood Rating'])","item/field_16/Value":"@if(empty(item()?['Risk Priority Rating']),null,item()?['Risk Priority Rating'])"},"authentication":{"value":"@json(decodeBase64(triggerOutputs().headers['X-MS-APIM-Tokens']))['$ConnectionKey']","type":"Raw"}}}}},"expression":{"equals":["@length(outputs('Get_items')?['body/value'])",0]},"metadata":{"operationMetadataId":"92811c76-faab-4043-a1ad-86d9ace2ec85"},"type":"If"}},"runAfter":{"List_rows_present_in_a_table":["Succeeded"]},"metadata":{"operationMetadataId":"f26708d3-a9b1-4ab1-b5dd-c7c43d552bd3"},"type":"Foreach","runtimeConfiguration":{"concurrency":{"repetitions":50}}},"Update_file_properties_2":{"runAfter":{"Delay":["Succeeded"]},"metadata":{"operationMetadataId":"19cc6a7a-0cf6-4f1d-81c2-f54dcf11270c"},"type":"OpenApiConnection","inputs":{"host":{"apiId":"/providers/Microsoft.PowerApps/apis/shared_sharepointonline","connectionName":"shared_sharepointonline","operationId":"PatchFileItem"},"parameters":{"dataset":"https://gnpowerph.sharepoint.com/sites/b1377af8-0d85-49da-881d-a2a291d73e2e","table":"47f6043f-beab-40c9-9242-0080def4ab86","id":"@items('Apply_to_each')?['ID']","item/Status/Value":"Completed"},"authentication":{"value":"@json(decodeBase64(triggerOutputs().headers['X-MS-APIM-Tokens']))['$ConnectionKey']","type":"Raw"}}},"Delay":{"runAfter":{"Apply_to_each_row":["Succeeded"]},"metadata":{"operationMetadataId":"d44e2dda-9816-4eee-8063-39a501507838"},"type":"Wait","inputs":{"interval":{"count":6,"unit":"Minute"}}}},"runAfter":{"Get_files_(properties_only)":["Succeeded"]},"metadata":{"operationMetadataId":"4a6f95c6-f7a0-491f-96d4-b43f7489f882"},"type":"Foreach"}}},"connectionReferences":{"shared_sharepointonline":{"connectionName":"08c3d82a53074088bdb82aa17d9f69b4","source":"Invoker","id":"/providers/Microsoft.PowerApps/apis/shared_sharepointonline","tier":"NotSpecified"},"shared_excelonlinebusiness":{"connectionName":"shared-excelonlinebu-6d07a357-7580-40ea-b099-5471fd740a3b","source":"Invoker","id":"/providers/Microsoft.PowerApps/apis/shared_excelonlinebusiness","tier":"NotSpecified"}},"flowFailureAlertSubscribed":false,"isManaged":false}}