{"name":"edbf1c24-aef8-4e45-850b-908bf38093c9","id":"/providers/Microsoft.Flow/flows/edbf1c24-aef8-4e45-850b-908bf38093c9","type":"Microsoft.Flow/flows","properties":{"apiId":"/providers/Microsoft.PowerApps/apis/shared_logicflows","displayName":"Document Approval Flow for R&A Documents","definition":{"metadata":{"workflowEntityId":null,"processAdvisorMetadata":null,"flowclientsuspensionreason":"None","flowclientsuspensiontime":null,"flowclientsuspensionreasondetails":null,"creator":{"id":"3f53023f-5852-413a-80e7-738040c4f43a","type":"User","tenantId":"c97a34a9-9c94-435a-90cf-b752e98e56ad"},"provisioningMethod":"FromDefinition","failureAlertSubscription":true,"clientLastModifiedTime":"2022-09-07T05:28:39.7030095Z"},"$schema":"https://schema.management.azure.com/providers/Microsoft.Logic/schemas/2016-06-01/workflowdefinition.json#","contentVersion":"1.0.0.0","parameters":{"$connections":{"defaultValue":{},"type":"Object"},"$authentication":{"defaultValue":{},"type":"SecureObject"}},"triggers":{"When_an_item_or_a_file_is_modified":{"recurrence":{"frequency":"Minute","interval":5},"splitOn":"@triggerOutputs()?['body/value']","metadata":{"operationMetadataId":"f5bd08a4-b520-48b3-a080-c9ed0acf638d"},"type":"OpenApiConnection","inputs":{"host":{"apiId":"/providers/Microsoft.PowerApps/apis/shared_sharepointonline","connectionName":"shared_sharepointonline","operationId":"GetOnChangedItems"},"parameters":{"dataset":"https://gnpowerph.sharepoint.com/sites/b1377af8-0d85-49da-881d-a2a291d73e2e","table":"3a420a3c-ae29-4b46-8f65-d2ce28554f3b"},"authentication":"@parameters('$authentication')"},"conditions":[{"expression":"@equals(triggerOutputs()?['body/{ModerationStatus}'],'Pending')"}]}},"actions":{"Start_and_wait_for_an_approval":{"runAfter":{},"metadata":{"operationMetadataId":"23d5172e-28b9-44db-a470-9d566470f752"},"type":"OpenApiConnectionWebhook","inputs":{"host":{"apiId":"/providers/Microsoft.PowerApps/apis/shared_approvals","connectionName":"shared_approvals","operationId":"StartAndWaitForAnApproval"},"parameters":{"approvalType":"CustomResponseAwaitAll","WebhookApprovalCreationInput/responseOptions":["Approved & Signed","Rejected"],"WebhookApprovalCreationInput/title":"Document Approval for @{triggerOutputs()?['body/{Name}']}","WebhookApprovalCreationInput/assignedTo":"jeffreyc@gnpd.ph;","WebhookApprovalCreationInput/details":"Request for approval and signature for:\nDocument : @{triggerOutputs()?['body/{Name}']} \nCreated By: @{triggerOutputs()?['body/Editor/DisplayName']}\nThis is subject for publishing to the Document Control Center (DCC). You are required to open the linked PDF file and attach your e-signature and date of approval.","WebhookApprovalCreationInput/itemLink":"@triggerOutputs()?['body/{Link}']","WebhookApprovalCreationInput/itemLinkDescription":"@triggerOutputs()?['body/{Name}']","WebhookApprovalCreationInput/requestor":"@{triggerOutputs()?['body/Editor/Email']};","WebhookApprovalCreationInput/enableNotifications":true,"WebhookApprovalCreationInput/enableReassignment":false},"authentication":"@parameters('$authentication')"}},"Condition":{"actions":{"Send_an_email_(V2)":{"runAfter":{"Apply_to_each":["Succeeded"]},"metadata":{"operationMetadataId":"2ea1bd59-c1ca-474b-80e8-5602ceaca431"},"type":"OpenApiConnection","inputs":{"host":{"apiId":"/providers/Microsoft.PowerApps/apis/shared_office365","connectionName":"shared_office365","operationId":"SendEmailV2"},"parameters":{"emailMessage/To":"@triggerOutputs()?['body/Editor/Email']","emailMessage/Subject":"Document @{outputs('Get_file_metadata')?['body/Name']} has been Signed and Approved","emailMessage/Body":"<p>@{outputs('Start_and_wait_for_an_approval')?['body/responseSummary']}</p>","emailMessage/Importance":"Normal"},"authentication":"@parameters('$authentication')"}},"Apply_to_each":{"foreach":"@outputs('Start_and_wait_for_an_approval')?['body/responses']","actions":{"Set_content_approval_status":{"runAfter":{},"metadata":{"operationMetadataId":"2d3673d2-2da0-492a-af33-cb1ef5b8d519"},"type":"OpenApiConnection","inputs":{"host":{"apiId":"/providers/Microsoft.PowerApps/apis/shared_sharepointonline","connectionName":"shared_sharepointonline","operationId":"SetApprovalStatus"},"parameters":{"dataset":"https://gnpowerph.sharepoint.com/sites/b1377af8-0d85-49da-881d-a2a291d73e2e","table":"3a420a3c-ae29-4b46-8f65-d2ce28554f3b","id":"@triggerOutputs()?['body/ID']","approvalAction":"Approve","comments":"@{outputs('Start_and_wait_for_an_approval')?['body/responseSummary']}\n@{items('Apply_to_each')?['comments']}","entityTag":"@outputs('Get_file_metadata')?['body/ETag']"},"authentication":"@parameters('$authentication')"}}},"runAfter":{},"metadata":{"operationMetadataId":"c9c2e8e3-f0b5-42a7-bff1-eba9dce7508c"},"type":"Foreach"}},"runAfter":{"Get_file_metadata":["Succeeded"]},"else":{"actions":{"Send_an_email_(V2)_2":{"runAfter":{"Apply_to_each_2":["Succeeded"]},"metadata":{"operationMetadataId":"34ed7acb-392b-4ffe-b809-da2cf45c3f57"},"type":"OpenApiConnection","inputs":{"host":{"apiId":"/providers/Microsoft.PowerApps/apis/shared_office365","connectionName":"shared_office365","operationId":"SendEmailV2"},"parameters":{"emailMessage/To":"@triggerOutputs()?['body/Editor/Email']","emailMessage/Subject":"Document @{outputs('Get_file_metadata')?['body/Name']} has been Rejected","emailMessage/Body":"<p>@{outputs('Start_and_wait_for_an_approval')?['body/responseSummary']}</p>","emailMessage/Importance":"Normal"},"authentication":"@parameters('$authentication')"}},"Apply_to_each_2":{"foreach":"@outputs('Start_and_wait_for_an_approval')?['body/responses']","actions":{"Set_content_approval_status_2":{"runAfter":{},"metadata":{"operationMetadataId":"5ef21e83-273d-4277-b3df-0958b3ba79ae"},"type":"OpenApiConnection","inputs":{"host":{"apiId":"/providers/Microsoft.PowerApps/apis/shared_sharepointonline","connectionName":"shared_sharepointonline","operationId":"SetApprovalStatus"},"parameters":{"dataset":"https://gnpowerph.sharepoint.com/sites/b1377af8-0d85-49da-881d-a2a291d73e2e","table":"3a420a3c-ae29-4b46-8f65-d2ce28554f3b","id":"@triggerOutputs()?['body/ID']","approvalAction":"Reject","comments":"@{outputs('Start_and_wait_for_an_approval')?['body/responseSummary']}\n@{items('Apply_to_each_2')?['comments']}","entityTag":"@outputs('Get_file_metadata')?['body/ETag']"},"authentication":"@parameters('$authentication')"}}},"runAfter":{},"metadata":{"operationMetadataId":"38e5c055-427c-45d3-a604-68a2f92ddddb"},"type":"Foreach"}}},"expression":{"not":{"contains":["@outputs('Start_and_wait_for_an_approval')?['body/outcome']","Rejected"]}},"metadata":{"operationMetadataId":"7a66f927-d748-4057-80e4-9ee025c66708"},"type":"If"},"Get_file_metadata":{"runAfter":{"Start_and_wait_for_an_approval":["Succeeded"]},"metadata":{"operationMetadataId":"cbd3b2ce-3a7a-4973-bfa0-bac11382d019"},"type":"OpenApiConnection","inputs":{"host":{"apiId":"/providers/Microsoft.PowerApps/apis/shared_sharepointonline","connectionName":"shared_sharepointonline","operationId":"GetFileMetadata"},"parameters":{"dataset":"https://gnpowerph.sharepoint.com/sites/b1377af8-0d85-49da-881d-a2a291d73e2e","id":"@triggerOutputs()?['body/{Identifier}']"},"authentication":"@parameters('$authentication')"}}},"outputs":{}},"connectionReferences":{"shared_approvals":{"connectionName":"shared-approvals-e76751f8-5cd1-4041-bb7b-cc7f2a7ac394","source":"Embedded","id":"/providers/Microsoft.PowerApps/apis/shared_approvals","tier":"NotSpecified"},"shared_sharepointonline":{"connectionName":"08c3d82a53074088bdb82aa17d9f69b4","source":"Embedded","id":"/providers/Microsoft.PowerApps/apis/shared_sharepointonline","tier":"NotSpecified"},"shared_office365":{"connectionName":"shared-office365-43c17fae-2eca-4593-b81c-4366b75da27a","source":"Embedded","id":"/providers/Microsoft.PowerApps/apis/shared_office365","tier":"NotSpecified"}},"flowFailureAlertSubscribed":false,"isManaged":false}}