{"name":"f513e87f-e111-427e-80f8-10bdd02f25c6","id":"/providers/Microsoft.Flow/flows/f513e87f-e111-427e-80f8-10bdd02f25c6","type":"Microsoft.Flow/flows","properties":{"apiId":"/providers/Microsoft.PowerApps/apis/shared_logicflows","displayName":"Daily Health Monitoring Report Flow","definition":{"metadata":{"workflowEntityId":null,"processAdvisorMetadata":null,"flowclientsuspensionreason":"None","flowclientsuspensiontime":null,"flowclientsuspensionreasondetails":null,"creator":{"id":"3f53023f-5852-413a-80e7-738040c4f43a","type":"User","tenantId":"c97a34a9-9c94-435a-90cf-b752e98e56ad"},"provisioningMethod":"FromDefinition","failureAlertSubscription":true,"clientLastModifiedTime":"2022-08-09T02:00:26.0573638Z"},"$schema":"https://schema.management.azure.com/providers/Microsoft.Logic/schemas/2016-06-01/workflowdefinition.json#","contentVersion":"1.0.0.0","parameters":{"$connections":{"defaultValue":{},"type":"Object"},"$authentication":{"defaultValue":{},"type":"SecureObject"}},"triggers":{"Recurrence":{"recurrence":{"frequency":"Day","interval":1,"timeZone":"China Standard Time","schedule":{"hours":["9","20"]}},"metadata":{"operationMetadataId":"9ad1d27f-4e92-40a0-8b58-d43558185f0a"},"type":"Recurrence"}},"actions":{"FormInfo":{"runAfter":{"Get_my_profile_(V2)":["Succeeded"]},"metadata":{"operationMetadataId":"8be520a7-704a-4f9c-a18c-a41a6b380fc6"},"type":"OpenApiConnection","inputs":{"host":{"apiId":"/providers/Microsoft.PowerApps/apis/shared_sharepointonline","connectionName":"shared_sharepointonline","operationId":"HttpRequest"},"parameters":{"dataset":"https://forms.office.com/","parameters/method":"GET","parameters/uri":"/formapi/api/c97a34a9-9c94-435a-90cf-b752e98e56ad/users/@{outputs('Get_my_profile_(V2)')?['body/id']}/light/forms(qTR6yZScWkOQz7dS6Y5WrT8CUz9SWDpBgOdzgEDE9DpUOFE3Q0I0TjRTVVFNUUFENThSMThEM05XRi4u)"},"authentication":"@parameters('$authentication')"}},"Get_my_profile_(V2)":{"runAfter":{},"metadata":{"operationMetadataId":"b95d19a4-80c9-4bbb-9353-85639c0cd818"},"type":"OpenApiConnection","inputs":{"host":{"apiId":"/providers/Microsoft.PowerApps/apis/shared_office365users","connectionName":"shared_office365users","operationId":"MyProfile_V2"},"parameters":{},"authentication":"@parameters('$authentication')"}},"Get_Form_Responses":{"runAfter":{"FormInfo":["Succeeded"]},"metadata":{"operationMetadataId":"1df41e6b-6018-450f-b5e7-767c0844068d"},"type":"OpenApiConnection","inputs":{"host":{"apiId":"/providers/Microsoft.PowerApps/apis/shared_sharepointonline","connectionName":"shared_sharepointonline","operationId":"HttpRequest"},"parameters":{"dataset":"https://forms.office.com/","parameters/method":"GET","parameters/uri":"/formapi/DownloadExcelFile.ashx?formid=qTR6yZScWkOQz7dS6Y5WrT8CUz9SWDpBgOdzgEDE9DpUOFE3Q0I0TjRTVVFNUUFENThSMThEM05XRi4u&timezoneOffset=-480&__TimezoneId=Asia/Manila&minResponseId=1&maxResponseId=@{body('FormInfo')?['rowCount']}"},"authentication":"@parameters('$authentication')"}},"Create_file":{"runAfter":{"Get_Form_Responses":["Succeeded"]},"metadata":{"operationMetadataId":"04fb263f-dbae-4c10-8f32-38946f18f5fe"},"type":"OpenApiConnection","inputs":{"host":{"apiId":"/providers/Microsoft.PowerApps/apis/shared_sharepointonline","connectionName":"shared_sharepointonline","operationId":"CreateFile"},"parameters":{"dataset":"https://gnpowerph.sharepoint.com/sites/b1377af8-0d85-49da-881d-a2a291d73e2e","folderPath":"/Daily Health Monitoring Library","name":"@{utcNow()}-DailyHealthMonitoringForm.xlsx","body":"@body('Get_Form_Responses')"},"authentication":"@parameters('$authentication')"},"runtimeConfiguration":{"contentTransfer":{"transferMode":"Chunked"}}},"List_rows_present_in_a_table":{"runAfter":{"Create_file":["Succeeded"]},"metadata":{"operationMetadataId":"d8a28458-1fdc-41a4-a1d9-6119d60edba9","tableId":"Table1"},"type":"OpenApiConnection","inputs":{"host":{"apiId":"/providers/Microsoft.PowerApps/apis/shared_excelonlinebusiness","connectionName":"shared_excelonlinebusiness","operationId":"GetItems"},"parameters":{"source":"sites/gnpowerph.sharepoint.com,6ec48c13-2481-4c20-a4db-4645ae24c5c2,713fdb91-5d83-4e9b-9761-9bffa25b150d","drive":"b!E4zEboEkIEyk20ZFriTFwpHbP3GDXZtOl2Gb_6JbFQ3lg9afJKRnSppV5ZQ97_5W","file":"@outputs('Create_file')?['body/Id']","table":"Table1","dateTimeFormat":"ISO 8601"},"authentication":"@parameters('$authentication')"}},"Filter_array":{"runAfter":{"List_rows_present_in_a_table":["Succeeded"]},"metadata":{"operationMetadataId":"ffe8ab6c-6664-45f8-a9b5-553343da479e"},"type":"Query","inputs":{"from":"@outputs('List_rows_present_in_a_table')?['body/value']","where":"@or(equals(item()?['Have you been tagged as a close contact to a confirmed Positive case and/or someone with COVID-19 symptoms?'], 'Yes'),not(equals(item()?['Symptoms'],'No Symptoms;')))"}},"Select":{"runAfter":{"Filter_array":["Succeeded"]},"metadata":{"operationMetadataId":"4b8f855c-2b38-423c-8c90-c8d1be9d5237"},"type":"Select","inputs":{"from":"@body('Filter_array')","select":{"Employee Name":"@item()?['Employee Name_x003a_(Surname, First Name, Middle Name)']","Department":"@item()?['Department_x003a_']","Date Reported":"@if(empty(item()?['Date Accomplished_x003a_']),null,addDays('1899-12-30',int(item()?['Date Accomplished_x003a_']),'yyyy-MM-dd'))","Symptoms":"@item()?['Symptoms']","With Exposure?":"@item()?['Have you been tagged as a close contact to a confirmed Positive case and/or someone with COVID-19 symptoms?']"}}},"Create_HTML_table":{"runAfter":{"Select":["Succeeded"]},"metadata":{"operationMetadataId":"c1035706-475b-429a-a459-d4fb9a9d65a1"},"type":"Table","inputs":{"from":"@body('Select')","format":"HTML"}},"Send_an_email_(V2)":{"runAfter":{"Email_Style":["Succeeded"]},"metadata":{"operationMetadataId":"73d4a6b2-6664-435a-8db0-4b18f0f240a5"},"type":"OpenApiConnection","inputs":{"host":{"apiId":"/providers/Microsoft.PowerApps/apis/shared_office365","connectionName":"shared_office365","operationId":"SendEmailV2"},"parameters":{"emailMessage/To":"joshuag@gnpd.ph;sterlingb@gnpd.ph","emailMessage/Subject":"COVID Case Alert! Daily Health Monitoring Report as of @{utcNow('MM-dd-yyyy')}","emailMessage/Body":"<p>Automation run successfully, attached is the summary of the responses acquired as of @{utcNow('yyyy-MM-ddTHH:mm:ss')}<br>\nBelow are employees tagged as potential COVID cases for investigation:<br>\n@{outputs('Email_Style')}@{outputs('Clean_HTML')}</p>","emailMessage/Attachments":[{"Name":"@outputs('Create_file')?['body/Name']","ContentBytes":"@body('Get_Form_Responses')"}],"emailMessage/Importance":"Normal"},"authentication":"@parameters('$authentication')"}},"Email_Style":{"runAfter":{"Clean_HTML":["Succeeded"]},"metadata":{"operationMetadataId":"182cf5a5-b494-4c02-8b78-df3b23e3e415"},"type":"Compose","inputs":"<style>\ntable {\n  border: 1px solid #1C6EA4;\n  background-color: #EEEEEE;\n  width: 100%;\n  text-align: left;\n  border-collapse: collapse;\n}\ntable td, table th {\n  border: 1px solid #AAAAAA;\n  padding: 3px 2px;\n}\ntable tbody td {\n  font-size: 13px;\n}\ntable thead {\n  background: teal;\n  border-bottom: 2px solid #444444;\n}\ntable thead th {\n  font-size: 15px;\n  font-weight: bold;\n  color: #FFFFFF;\n  border-left: 2px solid #D0E4F5;\n}\ntable thead th:first-child {\n  border-left: none;\n}\n</style>"},"Clean_HTML":{"runAfter":{"Create_HTML_table":["Succeeded"]},"metadata":{"operationMetadataId":"7757d60a-b734-449d-a425-4d9d1770e70a"},"type":"Compose","inputs":"@replace(replace(replace(replace(replace(body('Create_HTML_table'), '&lt;', '<'), '&gt;', '>'), '&amp;', '&'), '&#39;', '\"'), '&quot;', '\"')"}}},"connectionReferences":{"shared_sharepointonline":{"connectionName":"08c3d82a53074088bdb82aa17d9f69b4","source":"Embedded","id":"/providers/Microsoft.PowerApps/apis/shared_sharepointonline","tier":"NotSpecified"},"shared_office365users":{"connectionName":"6dedbebaa7df4887923a06732466bea6","source":"Embedded","id":"/providers/Microsoft.PowerApps/apis/shared_office365users","tier":"NotSpecified"},"shared_excelonlinebusiness":{"connectionName":"shared-excelonlinebu-6d07a357-7580-40ea-b099-5471fd740a3b","source":"Embedded","id":"/providers/Microsoft.PowerApps/apis/shared_excelonlinebusiness","tier":"NotSpecified"},"shared_office365":{"connectionName":"shared-office365-43c17fae-2eca-4593-b81c-4366b75da27a","source":"Embedded","id":"/providers/Microsoft.PowerApps/apis/shared_office365","tier":"NotSpecified"}},"flowFailureAlertSubscribed":false,"isManaged":false}}