{"name":"211e4905-43a3-45ac-9264-244db1e642d2","id":"/providers/Microsoft.Flow/flows/211e4905-43a3-45ac-9264-244db1e642d2","type":"Microsoft.Flow/flows","properties":{"apiId":"/providers/Microsoft.PowerApps/apis/shared_logicflows","displayName":"GNPD Actions Monitoring Data Import","definition":{"metadata":{"workflowEntityId":null,"processAdvisorMetadata":null,"flowclientsuspensionreason":"None","flowclientsuspensiontime":null,"flowclientsuspensionreasondetails":null,"creator":{"id":"3f53023f-5852-413a-80e7-738040c4f43a","type":"User","tenantId":"c97a34a9-9c94-435a-90cf-b752e98e56ad"},"provisioningMethod":"FromDefinition","failureAlertSubscription":true,"clientLastModifiedTime":"2022-08-08T07:55:52.458771Z"},"$schema":"https://schema.management.azure.com/providers/Microsoft.Logic/schemas/2016-06-01/workflowdefinition.json#","contentVersion":"1.0.0.0","parameters":{"$connections":{"defaultValue":{},"type":"Object"},"$authentication":{"defaultValue":{},"type":"SecureObject"}},"triggers":{"Recurrence":{"recurrence":{"frequency":"Day","interval":1,"startTime":"2022-07-20T23:00:00.000Z"},"metadata":{"operationMetadataId":"f13e65cd-f341-4dcf-815c-69375dda65fc"},"type":"Recurrence"}},"actions":{"Get_files_(properties_only)":{"runAfter":{},"metadata":{"operationMetadataId":"5e1a3dfa-ad88-4c26-89ac-0b9a348f6a6d"},"type":"OpenApiConnection","inputs":{"host":{"apiId":"/providers/Microsoft.PowerApps/apis/shared_sharepointonline","connectionName":"shared_sharepointonline","operationId":"GetFileItems"},"parameters":{"dataset":"https://gnpowerph.sharepoint.com","table":"87c3d9c3-4860-4475-8598-d6ea37649a5f","$filter":"Status eq 'New'"},"authentication":"@parameters('$authentication')"}},"Apply_to_each":{"foreach":"@outputs('Get_files_(properties_only)')?['body/value']","actions":{"Apply_to_each_rows":{"foreach":"@outputs('List_rows_present_in_a_table')?['body/value']","actions":{"Select_Action_Owner":{"runAfter":{},"metadata":{"operationMetadataId":"0e59eee1-8a75-4cd7-a664-6a0740f35e4d"},"type":"Select","inputs":{"from":"@split(item()?['Owner'],';')","select":{"Claims":"@item()"}}},"Filter_array":{"runAfter":{"Select_Action_Owner":["Succeeded"]},"metadata":{"operationMetadataId":"ff925259-bc66-4c05-ae9d-0f2339d72f5a"},"type":"Query","inputs":{"from":"@outputs('Get_Sections')?['body/value']","where":"@equals(item()?['Title'], items('Apply_to_each_rows')?['Section'])"}},"Get_items":{"runAfter":{"Filter_array":["Succeeded"]},"metadata":{"operationMetadataId":"b873bdd1-f78d-45cc-87f4-105850738bd0"},"type":"OpenApiConnection","inputs":{"host":{"apiId":"/providers/Microsoft.PowerApps/apis/shared_sharepointonline","connectionName":"shared_sharepointonline","operationId":"GetItems"},"parameters":{"dataset":"https://gnpowerph.sharepoint.com","table":"19267269-038d-49ee-800b-9e89928147ae","$filter":"Title eq '@{items('Apply_to_each_rows')?['Action ID']}'"},"authentication":"@parameters('$authentication')"}},"Condition":{"actions":{"Create_item":{"runAfter":{},"metadata":{"operationMetadataId":"79a794f6-27a0-42da-af47-cf144ea33bce"},"type":"OpenApiConnection","inputs":{"host":{"apiId":"/providers/Microsoft.PowerApps/apis/shared_sharepointonline","connectionName":"shared_sharepointonline","operationId":"PostItem"},"parameters":{"dataset":"https://gnpowerph.sharepoint.com","table":"19267269-038d-49ee-800b-9e89928147ae","item/Title":"@items('Apply_to_each_rows')?['Action ID']","item/ActionDetails":"@items('Apply_to_each_rows')?['Action Details']","item/ActionSource/Value":"@item()?['Source']","item/ReferenceID":"@item()?['Reference']","item/ActionType/Value":"@item()?['Action Type']","item/Action_x0020_Owner":"@body('Select_Action_Owner')","item/ExternalActionOwner":"@items('Apply_to_each_rows')?['External Action Owner']","item/Department/Value":"@item()?['Department']","item/Section/Id":"@body('Filter_array')?[0]?['ID']","item/ReceivedDate":"@item()?['Received Date']","item/DueDate":"@item()?['Due Date']","item/Close_x002d_OutDate":"@if(empty(item()?['Close-Out Date']),null,addDays('1899-12-30',int(item()?['Close-Out Date']),'yyyy-MM-dd'))","item/ExtensionDate":"@if(empty(item()?['Extension Date']),null,addDays('1899-12-30',int(item()?['Extension Date']),'yyyy-MM-dd'))","item/ValidationStatus/Value":"@item()?['Validation Status']","item/Close_x002d_outDecision/Value":"@item()?['Close- Out Decision']","item/ReasonforRejection_x002f_Conditi":"@if(equals(item()?['Reason for Rejection/Conditional Approval'],''),null,item()?['Reason for Rejection/Conditional Approval'])","item/OverallStatus/Value":"@item()?['Over All Status']","item/Encoder/Claims":"@item()?['Encoder']","item/Remarks":"@if(equals(item()?['Remarks'],''),null,item()?['Remarks'])"},"authentication":"@parameters('$authentication')"}}},"runAfter":{"Get_items":["Succeeded"]},"else":{"actions":{"Update_item":{"runAfter":{},"metadata":{"operationMetadataId":"ff4c0b98-e88e-45fb-9fd6-707d1d32c1e5"},"type":"OpenApiConnection","inputs":{"host":{"apiId":"/providers/Microsoft.PowerApps/apis/shared_sharepointonline","connectionName":"shared_sharepointonline","operationId":"PatchItem"},"parameters":{"dataset":"https://gnpowerph.sharepoint.com","table":"19267269-038d-49ee-800b-9e89928147ae","id":"@outputs('Get_items')?['body']?['value']?[0]?['ID']","item/Title":"@item()?['Action ID']","item/ActionDetails":"@item()?['Action Details']","item/ActionSource/Value":"@item()?['Source']","item/ReferenceID":"@item()?['']","item/ActionType/Value":"@item()?['Action Type']","item/Action_x0020_Owner":"@body('Select_Action_Owner')","item/ExternalActionOwner":"@items('Apply_to_each_rows')?['External Action Owner']","item/Department/Value":"@item()?['']","item/Section/Id":"@body('Filter_array')?[0]?['ID']","item/ReceivedDate":"@item()?['']","item/DueDate":"@item()?['Due Date']","item/Close_x002d_OutDate":"@if(empty(item()?['Close-Out Date']),null,addDays('1899-12-30',int(item()?['Close-Out Date']),'yyyy-MM-dd'))","item/ExtensionDate":"@if(empty(item()?['Extension Date']),null,addDays('1899-12-30',int(item()?['Extension Date']),'yyyy-MM-dd'))","item/ValidationStatus/Value":"@item()?['Validation Status']","item/Close_x002d_outDecision/Value":"@item()?['Close- Out Decision']","item/ReasonforRejection_x002f_Conditi":"@if(equals(item()?['Reason for Rejection/Conditional Approval'],''),null,item()?['Reason for Rejection/Conditional Approval'])","item/OverallStatus/Value":"@item()?['Over All Status']","item/Encoder/Claims":"@item()?['Encoder']","item/Remarks":"@if(equals(item()?['Remarks'],''),null,item()?['Remarks'])"},"authentication":"@parameters('$authentication')"}}}},"expression":{"equals":["@length(outputs('Get_items')?['body/value'])",0]},"metadata":{"operationMetadataId":"79cb646c-0b7b-4687-951e-d6bc7de65703"},"type":"If"}},"runAfter":{"List_rows_present_in_a_table":["Succeeded"]},"metadata":{"operationMetadataId":"43e9f846-bde9-4904-8542-c372b6162cd8"},"type":"Foreach"},"Update_file_properties":{"runAfter":{},"metadata":{"operationMetadataId":"0bb558f5-fe57-47e6-a73e-321c8a630aa3"},"type":"OpenApiConnection","inputs":{"host":{"apiId":"/providers/Microsoft.PowerApps/apis/shared_sharepointonline","connectionName":"shared_sharepointonline","operationId":"PatchFileItem"},"parameters":{"dataset":"https://gnpowerph.sharepoint.com","table":"87c3d9c3-4860-4475-8598-d6ea37649a5f","id":"@items('Apply_to_each')?['ID']","item/Status/Value":"In Progress"},"authentication":"@parameters('$authentication')"}},"List_rows_present_in_a_table":{"runAfter":{"Update_file_properties":["Succeeded"]},"metadata":{"operationMetadataId":"1daf3a2f-6ea9-4fbd-90d6-6463faad4ab3","tableId":"ActionsTable"},"type":"OpenApiConnection","inputs":{"host":{"apiId":"/providers/Microsoft.PowerApps/apis/shared_excelonlinebusiness","connectionName":"shared_excelonlinebusiness","operationId":"GetItems"},"parameters":{"source":"https://gnpowerph.sharepoint.com/","drive":"b!q7mQhwIsLkO2M-LJCPrSxmv-GWGiGEhDvjvKfW6z1evD2cOHYEh1RIWY1uo3ZJpf","file":"@items('Apply_to_each')?['{FullPath}']","table":"ActionsTable","dateTimeFormat":"ISO 8601"},"authentication":"@parameters('$authentication')"}},"Update_file_properties_2":{"runAfter":{"Delay":["Succeeded"]},"metadata":{"operationMetadataId":"285732b1-d881-404c-9ea8-173ead2bc110"},"type":"OpenApiConnection","inputs":{"host":{"apiId":"/providers/Microsoft.PowerApps/apis/shared_sharepointonline","connectionName":"shared_sharepointonline","operationId":"PatchFileItem"},"parameters":{"dataset":"https://gnpowerph.sharepoint.com","table":"87c3d9c3-4860-4475-8598-d6ea37649a5f","id":"@items('Apply_to_each')?['ID']","item/Status/Value":"Completed"},"authentication":"@parameters('$authentication')"}},"Delay":{"runAfter":{"Apply_to_each_rows":["Succeeded"]},"metadata":{"operationMetadataId":"1c1804bd-183b-4ee2-9dfe-cb146078f544"},"type":"Wait","inputs":{"interval":{"count":6,"unit":"Minute"}}}},"runAfter":{"Get_Sections":["Succeeded"]},"metadata":{"operationMetadataId":"d0f241c4-84ea-4750-ad95-dd9d91f366a2"},"type":"Foreach","runtimeConfiguration":{"concurrency":{"repetitions":50}}},"Get_Sections":{"runAfter":{"Get_files_(properties_only)":["Succeeded"]},"metadata":{"operationMetadataId":"472c1830-7d6c-499d-a806-4674afc08cbc"},"type":"OpenApiConnection","inputs":{"host":{"apiId":"/providers/Microsoft.PowerApps/apis/shared_sharepointonline","connectionName":"shared_sharepointonline","operationId":"GetItems"},"parameters":{"dataset":"https://gnpowerph.sharepoint.com/","table":"4691c0f1-92df-456d-9b74-8fd4f724c8ae"},"authentication":"@parameters('$authentication')"}}}},"connectionReferences":{"shared_sharepointonline":{"connectionName":"08c3d82a53074088bdb82aa17d9f69b4","source":"Embedded","id":"/providers/Microsoft.PowerApps/apis/shared_sharepointonline","tier":"NotSpecified"},"shared_excelonlinebusiness":{"connectionName":"shared-excelonlinebu-6d07a357-7580-40ea-b099-5471fd740a3b","source":"Embedded","id":"/providers/Microsoft.PowerApps/apis/shared_excelonlinebusiness","tier":"NotSpecified"}},"flowFailureAlertSubscribed":false,"isManaged":false}}