{"name":"5d20bb7a-ad67-4261-8e01-957a8e80f9d6","id":"/providers/Microsoft.Flow/flows/5d20bb7a-ad67-4261-8e01-957a8e80f9d6","type":"Microsoft.Flow/flows","properties":{"apiId":"/providers/Microsoft.PowerApps/apis/shared_logicflows","displayName":"GNPD Occurrence Investigation Data Import","definition":{"metadata":{"workflowEntityId":null,"processAdvisorMetadata":null,"flowclientsuspensionreason":"None","flowclientsuspensiontime":null,"flowclientsuspensionreasondetails":null,"creator":{"id":"3f53023f-5852-413a-80e7-738040c4f43a","type":"User","tenantId":"c97a34a9-9c94-435a-90cf-b752e98e56ad"},"provisioningMethod":"FromDefinition","failureAlertSubscription":true,"clientLastModifiedTime":"2022-09-05T03:44:40.2169439Z"},"$schema":"https://schema.management.azure.com/providers/Microsoft.Logic/schemas/2016-06-01/workflowdefinition.json#","contentVersion":"1.0.0.0","parameters":{"$connections":{"defaultValue":{},"type":"Object"},"$authentication":{"defaultValue":{},"type":"SecureObject"}},"triggers":{"Recurrence":{"recurrence":{"frequency":"Day","interval":1,"startTime":"2022-07-20T23:00:00.000Z"},"metadata":{"operationMetadataId":"f13e65cd-f341-4dcf-815c-69375dda65fc"},"type":"Recurrence"}},"actions":{"Get_files_(properties_only)":{"runAfter":{},"metadata":{"operationMetadataId":"5e1a3dfa-ad88-4c26-89ac-0b9a348f6a6d"},"type":"OpenApiConnection","inputs":{"host":{"apiId":"/providers/Microsoft.PowerApps/apis/shared_sharepointonline","connectionName":"shared_sharepointonline","operationId":"GetFileItems"},"parameters":{"dataset":"https://gnpowerph.sharepoint.com","table":"dc300c71-d7b6-4d52-89c5-a34f9289f422","$filter":"Status eq 'New'"},"authentication":"@parameters('$authentication')"}},"Apply_to_each":{"foreach":"@outputs('Get_files_(properties_only)')?['body/value']","actions":{"Apply_to_each_rows":{"foreach":"@outputs('List_rows_present_in_a_table')?['body/value']","actions":{"Select_OIR_Members":{"runAfter":{},"metadata":{"operationMetadataId":"0e59eee1-8a75-4cd7-a664-6a0740f35e4d"},"type":"Select","inputs":{"from":"@split(item()?['Member(s)'],';')","select":{"Claims":"@item()"}}},"Filter_array":{"runAfter":{"Select_OIR_Members":["Succeeded"]},"metadata":{"operationMetadataId":"ff925259-bc66-4c05-ae9d-0f2339d72f5a"},"type":"Query","inputs":{"from":"@outputs('Get_Sections')?['body/value']","where":"@equals(item()?['Title'], items('Apply_to_each_rows')?['Investigation Leader Section'])"}},"Get_items":{"runAfter":{"Filter_array":["Succeeded"]},"metadata":{"operationMetadataId":"b873bdd1-f78d-45cc-87f4-105850738bd0"},"type":"OpenApiConnection","inputs":{"host":{"apiId":"/providers/Microsoft.PowerApps/apis/shared_sharepointonline","connectionName":"shared_sharepointonline","operationId":"GetItems"},"parameters":{"dataset":"https://gnpowerph.sharepoint.com","table":"b5209393-b552-49ce-867c-e0d54cfb9de4","$filter":"Title eq '@{item()?['Title']}'"},"authentication":"@parameters('$authentication')"}},"Condition":{"actions":{"Create_item":{"runAfter":{},"metadata":{"operationMetadataId":"04f43928-894f-4080-8d2e-7ec0a20644e5"},"type":"OpenApiConnection","inputs":{"host":{"apiId":"/providers/Microsoft.PowerApps/apis/shared_sharepointonline","connectionName":"shared_sharepointonline","operationId":"PostItem"},"parameters":{"dataset":"https://gnpowerph.sharepoint.com","table":"b5209393-b552-49ce-867c-e0d54cfb9de4","item/Title":"@item()?['Title']","item/Occurrence_x0020_Number_x002f_Ti":"@item()?['Occurrence Number']","item/Category/Value":"@item()?['Category']","item/Department/Claims":"@item()?['Investigation Leader']","item/Investigation_x0020_Leader_x0020/Value":"@item()?['Investigation Leader Department']","item/Inv_x002e_LeaderSection/Id":"@body('Filter_array')?[0]?['ID']","item/Member_x0028_s_x0029_":"@body('Select_OIR_Members')","item/Incident_x0020_Date":"@IF(empty(item()?['Incident Date']),null,item()?['Incident Date'])","item/ONR_x0020_date_x0020_Received_x0":"@if(empty(item()?['ONF Sent Date by DCC']),null,item()?['ONF Sent Date by DCC'])","item/OIR_x0020_Number":"@item()?['OIR Number']","item/OIR_x0020_Received_x0020_Date":"@if(empty(item()?['OIR Received Date (OIR signed by DM submitted to DCC)']),null,item()?['OIR Received Date (OIR signed by DM submitted to DCC)'])","item/OIRAcceptedDate":"@if(empty(item()?['OIR Accepted Date']),null,addDays('1899-12-30',int(item()?['OIR Accepted Date']),'yyyy-MM-dd'))","item/ActionsClosedDate":"@if(empty(item()?['Actions Closed Date']),null,addDays('1899-12-30',int(item()?['Actions Closed Date']),'yyyy-MM-dd'))","item/OMC_x0020_Presentation/Value":"@item()?['OMC Presentation']","item/Comments":"@if(empty(item()?['Comments']),null,item()?['Comments'])"},"authentication":"@parameters('$authentication')"}}},"runAfter":{"Get_items":["Succeeded"]},"else":{"actions":{"Update_item":{"runAfter":{},"metadata":{"operationMetadataId":"4a665f3f-843c-4732-b949-1107d1b07f21"},"type":"OpenApiConnection","inputs":{"host":{"apiId":"/providers/Microsoft.PowerApps/apis/shared_sharepointonline","connectionName":"shared_sharepointonline","operationId":"PatchItem"},"parameters":{"dataset":"https://gnpowerph.sharepoint.com","table":"b5209393-b552-49ce-867c-e0d54cfb9de4","id":"@outputs('Get_items')?['body']?['value']?[0]?['ID']","item/Title":"@item()?['Title']","item/Occurrence_x0020_Number_x002f_Ti":"@item()?['Occurrence Number']","item/Category/Value":"@item()?['Category']","item/Department/Claims":"@item()?['Investigation Leader']","item/Investigation_x0020_Leader_x0020/Value":"@item()?['Investigation Leader Department']","item/Inv_x002e_LeaderSection/Id":"@body('Filter_array')?[0]?['ID']","item/Member_x0028_s_x0029_":"@body('Select_OIR_Members')","item/Incident_x0020_Date":"@IF(empty(item()?['Incident Date']),null,item()?['Incident Date'])","item/ONR_x0020_date_x0020_Received_x0":"@if(empty(item()?['ONF Sent Date by DCC']),null,item()?['ONF Sent Date by DCC'])","item/OIR_x0020_Number":"@item()?['OIR Number']","item/OIR_x0020_Received_x0020_Date":"@if(empty(item()?['OIR Received Date (OIR signed by DM submitted to DCC)']),null,item()?['OIR Received Date (OIR signed by DM submitted to DCC)'])","item/OIRAcceptedDate":"@if(empty(item()?['OIR Accepted Date']),null,addDays('1899-12-30',int(item()?['OIR Accepted Date']),'yyyy-MM-dd'))","item/ActionsClosedDate":"@if(empty(item()?['Actions Closed Date']),null,addDays('1899-12-30',int(item()?['Actions Closed Date']),'yyyy-MM-dd'))","item/OMC_x0020_Presentation/Value":"@item()?['OMC Presentation']","item/Comments":"@if(empty(item()?['Comments']),null,item()?['Comments'])"},"authentication":"@parameters('$authentication')"}}}},"expression":{"equals":["@length(outputs('Get_items')?['body/value'])",0]},"metadata":{"operationMetadataId":"79cb646c-0b7b-4687-951e-d6bc7de65703"},"type":"If"}},"runAfter":{"List_rows_present_in_a_table":["Succeeded"]},"metadata":{"operationMetadataId":"43e9f846-bde9-4904-8542-c372b6162cd8"},"type":"Foreach"},"Update_file_properties":{"runAfter":{},"metadata":{"operationMetadataId":"0bb558f5-fe57-47e6-a73e-321c8a630aa3"},"type":"OpenApiConnection","inputs":{"host":{"apiId":"/providers/Microsoft.PowerApps/apis/shared_sharepointonline","connectionName":"shared_sharepointonline","operationId":"PatchFileItem"},"parameters":{"dataset":"https://gnpowerph.sharepoint.com","table":"dc300c71-d7b6-4d52-89c5-a34f9289f422","id":"@items('Apply_to_each')?['ID']","item/Status/Value":"In Progress"},"authentication":"@parameters('$authentication')"}},"List_rows_present_in_a_table":{"runAfter":{"Update_file_properties":["Succeeded"]},"metadata":{"operationMetadataId":"1daf3a2f-6ea9-4fbd-90d6-6463faad4ab3","tableId":"Table_OIR_Upload_Template"},"type":"OpenApiConnection","inputs":{"host":{"apiId":"/providers/Microsoft.PowerApps/apis/shared_excelonlinebusiness","connectionName":"shared_excelonlinebusiness","operationId":"GetItems"},"parameters":{"source":"https://gnpowerph.sharepoint.com/","drive":"b!q7mQhwIsLkO2M-LJCPrSxmv-GWGiGEhDvjvKfW6z1etxDDDcttdSTYnFo0-SifQi","file":"@items('Apply_to_each')?['{FullPath}']","table":"Table_OIR_Upload_Template","dateTimeFormat":"ISO 8601"},"authentication":"@parameters('$authentication')"}},"Delay":{"runAfter":{"Apply_to_each_rows":["Succeeded"]},"metadata":{"operationMetadataId":"1c1804bd-183b-4ee2-9dfe-cb146078f544"},"type":"Wait","inputs":{"interval":{"count":6,"unit":"Minute"}}},"Update_file_properties_2":{"runAfter":{"Delay":["Succeeded"]},"metadata":{"operationMetadataId":"0bb558f5-fe57-47e6-a73e-321c8a630aa3"},"type":"OpenApiConnection","inputs":{"host":{"apiId":"/providers/Microsoft.PowerApps/apis/shared_sharepointonline","connectionName":"shared_sharepointonline","operationId":"PatchFileItem"},"parameters":{"dataset":"https://gnpowerph.sharepoint.com","table":"dc300c71-d7b6-4d52-89c5-a34f9289f422","id":"@items('Apply_to_each')?['ID']","item/Status/Value":"Completed"},"authentication":"@parameters('$authentication')"}}},"runAfter":{"Get_Sections":["Succeeded"]},"metadata":{"operationMetadataId":"d0f241c4-84ea-4750-ad95-dd9d91f366a2"},"type":"Foreach","runtimeConfiguration":{"concurrency":{"repetitions":50}}},"Get_Sections":{"runAfter":{"Get_files_(properties_only)":["Succeeded"]},"metadata":{"operationMetadataId":"472c1830-7d6c-499d-a806-4674afc08cbc"},"type":"OpenApiConnection","inputs":{"host":{"apiId":"/providers/Microsoft.PowerApps/apis/shared_sharepointonline","connectionName":"shared_sharepointonline","operationId":"GetItems"},"parameters":{"dataset":"https://gnpowerph.sharepoint.com/","table":"4691c0f1-92df-456d-9b74-8fd4f724c8ae"},"authentication":"@parameters('$authentication')"}}}},"connectionReferences":{"shared_sharepointonline":{"connectionName":"08c3d82a53074088bdb82aa17d9f69b4","source":"Embedded","id":"/providers/Microsoft.PowerApps/apis/shared_sharepointonline","tier":"NotSpecified"},"shared_excelonlinebusiness":{"connectionName":"shared-excelonlinebu-6d07a357-7580-40ea-b099-5471fd740a3b","source":"Embedded","id":"/providers/Microsoft.PowerApps/apis/shared_excelonlinebusiness","tier":"NotSpecified"}},"flowFailureAlertSubscribed":false,"isManaged":false}}